{
  "Auth": {
    "x": 61.483445169961584,
    "y": 887.2055888223556
  },
  "AuthApi": {
    "x": 447.0361619272397,
    "y": 763.1661415301173
  },
  "Editor": {
    "x": 550.3605780931545,
    "y": 1542.9030122721908
  },
  "Environment": {
    "x": 476.0923445012333,
    "y": 39.881655024520434
  },
  "Navigator": {
    "x": 152.30834747538375,
    "y": 2199.7882699369234
  },
  "SandboxApi": {
    "x": 688.1588963294043,
    "y": 639.7714068668785
  },
  "Sandbox": {
    "x": 1052.2677249641988,
    "y": 1139.4082747930952
  },
  "Deployment": {
    "x": 811.5354633990914,
    "y": 1121.1822393261466
  },
  "RestApi": {
    "x": 617.202619574607,
    "y": 290.34225866711637
  },
  "SandboxModule": {
    "x": 1035.1553143249055,
    "y": 849.223173710266
  },
  "SandboxDirectory": {
    "x": 1316.773244752377,
    "y": 853.75068800012
  },
  "Home": {
    "x": 319.68782916549696,
    "y": 1598.0306300402844
  },
  "Browser": {
    "x": 7,
    "y": 64
  },
  "Storage": {
    "x": 227.53968253968267,
    "y": 65.77777777777781
  },
  "GitHub": {
    "x": 1628.2896764252705,
    "y": 872.6702619414497
  },
  "GitHubApi": {
    "x": 972.5057417798065,
    "y": 580.1156786929092
  },
  "CliLogin": {
    "x": 676.9527896995701,
    "y": 1888.7811158798288
  },
  "DevelopmentAuthentication": {
    "x": 19.305019305019304,
    "y": 1781.0458514922045
  }
}
